key,citation,year,title,venue,doi,url,theme,type,region,period,data_and_method,finding,note,access,checked,core
reynolds2007,Reynolds et al. 2007,2007,Global Desertification: Building a Science for Dryland Development,Science,10.1126/science.1131634,https://doi.org/10.1126/science.1131634,framing,review,Global,,Review,Reviews how dryland ecosystems and livelihoods function together and introduces the Drylands Development Paradigm as a framework for research and policy.,,open,abstract,
bestelmeyer2015,Bestelmeyer et al. 2015,2015,"Desertification, land use, and the transformation of global drylands",Frontiers in Ecology and the Environment,10.1890/140162,https://doi.org/10.1890/140162,framing,review,Global,,Conceptual framework,"Proposes treating desertification as state changes within a land use, and separating changes that reverse readily from regime shifts that persist.",Useful for deciding what our forecast target should count as degradation.,paywalled,abstract,
huang2016,Huang et al. 2016,2016,Accelerated dryland expansion under climate change,Nature Climate Change,10.1038/nclimate2837,https://doi.org/10.1038/nclimate2837,framing,article,Global,,,Abstract not read yet.,Title claims accelerated dryland expansion under climate change.,paywalled,metadata,
berdugo2020,Berdugo et al. 2020,2020,Global ecosystem thresholds driven by aridity,Science,10.1126/science.aay5958,https://doi.org/10.1126/science.aay5958,framing,article,Global drylands,,20 ecosystem attributes along aridity gradients,"Ecosystem attributes change abruptly at aridity values of 0.54, 0.7 and 0.8 (plant productivity, then soil fertility, then plant cover and richness). More than 20% of land is projected to cross at least one threshold by 2100.",Check how aridity is defined before comparing with aridity-index classes.,open,abstract,
burrell2020,Burrell et al. 2020,2020,Anthropogenic climate change has driven over 5 million km2 of drylands towards desertification,Nature Communications,10.1038/s41467-020-17710-7,https://doi.org/10.1038/s41467-020-17710-7,framing,article,Global drylands,1982-2015,"Observation-based attribution separating climate change, climate variability, CO2 fertilisation and land use",6% of drylands desertified over the period. Anthropogenic climate change degraded 12.6% of drylands (5.43 million km2) despite average global greening.,A template for attribution methods.,open,abstract,
cowie2018,Cowie et al. 2018,2018,Land in balance: The scientific conceptual framework for Land Degradation Neutrality,Environmental Science & Policy,10.1016/j.envsci.2017.10.011,https://doi.org/10.1016/j.envsci.2017.10.011,framing,article,Global,,Conceptual framework from the UNCCD Science-Policy Interface,"Defines land degradation neutrality as no net loss of land-based natural capital against a baseline, with an avoid, reduce, reverse hierarchy.",,open,abstract,
mirzabaev2019,Mirzabaev et al. 2019,2019,Desertification,"Climate Change and Land: an IPCC special report (Chapter 3), Cambridge University Press",10.1017/9781009157988.005,https://doi.org/10.1017/9781009157988.005,framing,report,Global,,Assessment chapter of the IPCC Special Report on Climate Change and Land,"The IPCC assessment of how climate change and desertification interact, with a confidence level for each statement. Rates early warning systems and remote sensing as high-return investments.",The DOI points to the 2022 Cambridge edition of the 2019 report.,open,excerpt,
fernandezgimenez1999,Fernandez-Gimenez & Allen-Diaz 1999,1999,Testing a non-equilibrium model of rangeland vegetation dynamics in Mongolia,Journal of Applied Ecology,10.1046/j.1365-2664.1999.00447.x,https://doi.org/10.1046/j.1365-2664.1999.00447.x,ecology,article,"Mongolia: desert steppe, steppe, mountain steppe",,Field plots along grazing gradients in three zones,"Desert steppe vegetation varied between years with rainfall and not along grazing gradients, as the non-equilibrium model predicts. In the steppe and mountain steppe, grazing shifted cover from grasses toward forbs and weedy annuals.",Why grazing effects have to be considered by zone.,open,abstract,
vonwehrden2012,von Wehrden et al. 2012,2012,Global assessment of the non-equilibrium concept in rangelands,Ecological Applications,10.1890/11-0802.1,https://doi.org/10.1890/11-0802.1,ecology,review,Global rangelands,,Review of 58 studies with a global map of rainfall variability,"Away from water points and key resources, grazing degradation was absent where the coefficient of variation of annual rainfall exceeds 33%. All studies without degradation had a CV above 33%.","Only 17 of 58 studies reported their own CV; the rest rely on a station map kriged over up to 2,000 km. The paper reports 41 of 58 sites as 84% (it is 71%). Jamsranjav et al. 2018 give a CV of 23-32% for Mongolia's forest steppe, eastern steppe and steppe and 34% for desert steppe.",open,full text,yes
addison2012,Addison et al. 2012,2012,A critical review of degradation assumptions applied to Mongolia’s Gobi Desert,The Rangeland Journal,10.1071/rj11013,https://doi.org/10.1071/rj11013,ecology,review,"Mongolia: Gobi (Dundgovi, Omnogovi)",,Critical review with biophysical and social data,"Tests five common assumptions (too many animals, goats cause desertification, rainfall is declining, biomass is declining, rangelands are degraded) and finds they are not always supported.",,paywalled,abstract,
khishigbayar2015,Khishigbayar et al. 2015,2015,Mongolian rangelands at a tipping point? Biomass and cover are stable but composition shifts and richness declines after 20 years of grazing and increasing temperatures,Journal of Arid Environments,10.1016/j.jaridenv.2015.01.007,https://doi.org/10.1016/j.jaridenv.2015.01.007,ecology,article,"Mongolia: desert steppe, steppe, mountain steppe",1994-2013,Resampled field plots,"After 20 years of warming and higher stocking, biomass and cover were unchanged or higher, but species richness fell in the steppe and mountain steppe. The authors judge the degradation reversible.",Field evidence that cover and biomass can hold while composition degrades.,paywalled,abstract,
jamsranjav2018,Jamsranjav et al. 2018,2018,Applying a dryland degradation framework for rangelands: the case of Mongolia,Ecological Applications,10.1002/eap.1684,https://doi.org/10.1002/eap.1684,ecology,article,Mongolia: four ecological zones,,"143 sites in 36 soums, indicators measured at increasing distance from winter corrals","Livestock use had no effect on soils, richness or standing biomass and subtle effects on cover and palatable plants. Three national assessments agree that very severe degradation covers 1-18% of land, with most rangeland slightly (33-53%) or moderately (25-40%) degraded.",Field data are public on Dryad (doi:10.5061/dryad.3ch50).,open,abstract,yes
jamiyansharav2018,Jamiyansharav et al. 2018,2018,Plant community change in three Mongolian steppe ecosystems 1994–2013: applications to state-and-transition models,Ecosphere,10.1002/ecs2.2145,https://doi.org/10.1002/ecs2.2145,ecology,article,"Mongolia: desert steppe, steppe, mountain steppe",1994-2013,Repeated monitoring on grazing gradients; state-and-transition models,"Plant community transitions were tied mostly to climate in the mountain steppe, to grazing intensity and climate in the steppe, and to neither in the desert steppe.",,open,abstract,
sainnemekh2022,Sainnemekh et al. 2022,2022,Rangeland degradation in Mongolia: A systematic review of the evidence,Journal of Arid Environments,10.1016/j.jaridenv.2021.104654,https://doi.org/10.1016/j.jaridenv.2021.104654,ecology,review,Mongolia,1950-2021,Systematic review of 114 studies,"Reviews 114 studies from 1950 to 2021: 80 used field data, 21 remote sensing alone and 8 both, and 66 named grazing as the only driver. There is no standard definition of degradation. Nationwide estimates of the degraded share range from 22% to 95% depending on method (Table 1).","Searched Web of Science, Scopus, Google Scholar and Mongolian and Russian sources, with one screener. Recommends combining remote sensing with long-term field monitoring. Open copy at par.nsf.gov/servlets/purl/10381573.",paywalled,full text,yes
munkhzul2021,Munkhzul et al. 2021,2021,Grazing Effects on Mongolian Steppe Vegetation—A Systematic Review of Local Literature,Frontiers in Ecology and Evolution,10.3389/fevo.2021.703220,https://doi.org/10.3389/fevo.2021.703220,ecology,review,Mongolia: five steppe types,,Systematic review of 44 Mongolian-language publications covering 109 sites,"Heavy grazing reduced cover, richness and biomass in desert, dry and high mountain steppe, with little or even positive effect in meadow and mountain steppe.",Shows what the Mongolian-language literature adds.,open,abstract,
liu2013,Liu et al. 2013,2013,Changing Climate and Overgrazing Are Decimating Mongolian Steppes,PLoS ONE,10.1371/journal.pone.0057599,https://doi.org/10.1371/journal.pone.0057599,drivers,article,Mongolia,1988-2008,"Merged passive-microwave vegetation optical depth at 0.25 degrees; per-cell regression on precipitation and temperature over 1-8 month windows with 0-7 month leads, keeping the best fit","Climate-predicted optical depth accounts for about 60% of the decline (ratio of trend slopes), over 80% in the west and south-east. Residual declines match goat increases in central Mongolia and fires in the east by spatial pattern.","Applied to NDVI, the same residual method found no significant trends. Choosing the best of many climate windows per cell favours the climate share. The goat and fire attribution rests on pattern matching.",open,full text,yes
hilker2014,Hilker et al. 2014,2014,Satellite observed widespread decline in Mongolian grasslands largely due to overgrazing,Global Change Biology,10.1111/gcb.12365,https://doi.org/10.1111/gcb.12365,drivers,article,Mongolia,2002-2012,MODIS Aqua NDVI at 1 km with MAIAC correction and harmonic time-series fits; province-level livestock statistics; 64 weather stations,"Mean NDVI fell about 12% between 2002 and 2012, most at the southern edge of the grassland. Across provinces, NDVI decline correlated with cumulative herd increase (r2 0.85 for grassland, 0.74 for sparse vegetation) and with summer precipitation (r2 0.30).","The widely quoted 80% is this cross-province r2, not a decomposition of the decline. The record starts after the 1999-2002 dzuds, so part of the herd increase is recovery. Open copy at NASA NTRS.",open,full text,yes
john2016,John et al. 2016,2016,Differentiating anthropogenic modification and precipitation-driven change on vegetation productivity on the Mongolian Plateau,Landscape Ecology,10.1007/s10980-015-0261-x,https://doi.org/10.1007/s10980-015-0261-x,drivers,article,Mongolian Plateau,1981-2010,"Rainfall-adjusted residual trends of MODIS and AVHRR vegetation indices, by administrative unit","After adjusting for rainfall, vegetation trends were negatively related to livestock density in Mongolia (R2 0.59 for EVI) and positively related to population density in Inner Mongolia.",,paywalled,abstract,
zhao2015,Zhao et al. 2015,2015,Satellite-indicated long-term vegetation changes and their drivers on the Mongolian Plateau,Landscape Ecology,10.1007/s10980-014-0095-y,https://doi.org/10.1007/s10980-014-0095-y,drivers,article,Mongolian Plateau,1982-2011,NDVI trends and phenology against temperature and precipitation,"NDVI rose until 1998 and then stalled, leaving no significant trend over the full period. Precipitation was the dominant factor for steppe. Notes that satellite greening and ground-observed production declines disagree.",,paywalled,abstract,
bao2014,Bao et al. 2014,2014,NDVI-Based Long-Term Vegetation Dynamics and Its Response to Climatic Change in the Mongolian Plateau,Remote Sensing,10.3390/rs6098337,https://doi.org/10.3390/rs6098337,drivers,article,Mongolian Plateau,1982-2010,"AVHRR GIMMS and MODIS NDVI, cross-calibrated",NDVI rose until the mid or late 1990s and fell afterwards as precipitation dropped. The decline of the 2000s is attributed mostly to a hotter and drier climate.,,open,abstract,
meng2020,Meng et al. 2020,2020,Spatial and Temporal Characteristics of Vegetation NDVI Changes and the Driving Forces in Mongolia during 1982–2015,Remote Sensing,10.3390/rs12040603,https://doi.org/10.3390/rs12040603,drivers,article,Mongolia,1982-2015,"NDVI with Sen's slope, Mann-Kendall and the geographical detector",Degraded and improved areas were roughly equal. Desert steppe and Gobi degraded while meadow and alpine steppe improved. Change in livestock numbers was the dominant factor for most vegetation types.,,open,abstract,
miao2021,Miao et al. 2021,2021,Grassland greening on the Mongolian Plateau despite higher grazing intensity,Land Degradation & Development,10.1002/ldr.3767,https://doi.org/10.1002/ldr.3767,drivers,article,Mongolian Plateau,1982-2015,"GIMMS NDVI3g at county level (199 Mongolian soums, 60 Inner Mongolian counties); CRU climate; livestock as animal units per km2 of grassland; spatial Durbin panel model with fixed effects","Growing-season NDVI rose 0.005 per decade in Mongolia and 0.014 in Inner Mongolia. In Mongolia, 100 mm more rain raised NDVI 6.0% and 1 C of warming lowered it 1.2%. Animal density had a small positive elasticity (0.09) that was still the largest standardized effect.","County averages and the assumption that all animals graze may hide local overgrazing. Purevjav et al. 2025 show that correlational herd estimates can differ in sign from causal ones; fixed effects, which this study uses, narrow but do not close the gap. Karnieli et al. 2013 show how grazed land can look greener.",open,full text,yes
guo2021,Guo et al. 2021,2021,Divergent processes and trends of desertification in Inner Mongolia and Mongolia,Land Degradation & Development,10.1002/ldr.3825,https://doi.org/10.1002/ldr.3825,drivers,article,Mongolian Plateau,2000-2019,MODIS vegetation cover grades; general linear model,Desert extent fell by over 7% (about 11% in Inner Mongolia and 5% in Mongolia). Rising precipitation and temperature explain over 75% of the change.,,paywalled,abstract,
zhang2020regime,Zhang et al. 2020,2020,Impact of human activities and climate change on the grassland dynamics under different regime policies in the Mongolian Plateau,Science of The Total Environment,10.1016/j.scitotenv.2019.134304,https://doi.org/10.1016/j.scitotenv.2019.134304,drivers,article,Mongolian Plateau,2001-2014,Grassland NPP and land cover change,"Grassland NPP rose 17.9% in Mongolia and 30.5% in Inner Mongolia. Grassland degraded on 18.6% of area in Mongolia and 9.8% in Inner Mongolia, mainly from human activity.",,open,abstract,
zhou2018,Zhou et al. 2018,2018,Distinguishing the vegetation dynamics induced by anthropogenic factors using vegetation optical depth and AVHRR NDVI: A cross-border study on the Mongolian Plateau,Science of The Total Environment,10.1016/j.scitotenv.2017.10.253,https://doi.org/10.1016/j.scitotenv.2017.10.253,drivers,article,Mongolian Plateau,1993-2012,Residual trends of vegetation optical depth and AVHRR NDVI,"Mongolia's grasslands showed a human-induced decline in aboveground biomass linked to livestock growth, with no matching decline in canopy greenness.","Biomass and greenness disagree, so the choice of index changes the conclusion.",paywalled,abstract,
dangal2016,Dangal et al. 2016,2016,Synergistic effects of climate change and grazing on net primary production of Mongolian grasslands,Ecosphere,10.1002/ecs2.1274,https://doi.org/10.1002/ecs2.1274,drivers,article,Mongolia: six sites,,Process-based ecosystem model (DLEM) with a grazing module,Growing-season precipitation and temperature explain 65% and 45% of interannual variation in aboveground production. Historical grazing reduced it by 2-15.4%. Dry sites sustain about half the grazing intensity of wet sites.,,open,abstract,
nandintsetseg2021,Nandintsetseg et al. 2021,2021,Risk and vulnerability of Mongolian grasslands under climate change,Environmental Research Letters,10.1088/1748-9326/abdb5b,https://doi.org/10.1088/1748-9326/abdb5b,drivers,article,Mongolia,1976-2015,Probabilistic drought risk with a process-based vegetation model at 0.5 degrees,"Hazardous droughts became more frequent in 1996-2015. Drought risk to productivity rose about 10%, mainly from climate. Grazing intensity was 34% higher than in 1976-1995.",,open,abstract,
purevjav2025,Purevjav et al. 2025,2025,Climate rather than overgrazing explains most rangeland primary productivity change in Mongolia,Science,10.1126/science.adn0005,https://doi.org/10.1126/science.adn0005,drivers,article,Mongolia,1984-2024,"Soum-level December livestock census (1984-2023) and June herd surveys (2016-2024); Landsat and MODIS NDVI on summer grazing ranges, checked against ground biomass; ERA5-Land weather; two-stage instrumental-variable design using winter-range dzud and herd size","Doubling herd size lowers summer NDVI by about 4% in the short run, with effects in mountain taiga, forest steppe and steppe and none in semi-desert and desert. Over 10-year differences the herd effect disappears. Weather explains 38% of variation year to year and climate 45% over decades, against under 2% and under 10% for herd size.","The outcome is NDVI as a productivity proxy, and the authors call for other attributes of rangeland health. Regressions without fixed effects gave a positive herd effect; adding fixed effects brought estimates closer to the causal ones overall, less so by zone. Data and code on Dryad (doi:10.5061/dryad.bg79cnpmz).",paywalled,full text,yes
hauck2023,Hauck et al. 2023,2023,No Signs of Long-term Greening Trend in Western Mongolian Grasslands,Ecosystems,10.1007/s10021-023-00819-3,https://doi.org/10.1007/s10021-023-00819-3,drivers,article,Western Mongolia: Mongolian Altai and western Khangai,1940-2010,GIMMS NDVI3g monthly maxima (1982-2010) for two forest-steppe regions; larch tree-ring chronologies used to reconstruct March-June NDVI back to 1940,"The satellite record began in the 1980-82 drought and ran into a wet 1990s, which produces a linear greening trend. The reconstruction shows no long-term trend from 1940 to 2010. July drought index declined from 1970 to 2018.","Forest steppe only, spring and early summer only, and the reconstruction was not tested on held-out years. A warning about trends fitted to records that start in the 1980s.",open,full text,yes
la2025,La et al. 2025,2025,Revealing the dual impacts of climate change and grazing on vegetation in Mongolia: Permafrost buffering and the paradox of greening,Advances in Climate Change Research,10.1016/j.accre.2025.05.005,https://doi.org/10.1016/j.accre.2025.05.005,drivers,article,Mongolia,2000-2018,"July NDVI against climate variables and livestock density, with vegetation memory","NDVI rose significantly. Contributions were precipitation 53.1%, temperature 33.9% and livestock density 4.0%. The authors state that NDVI greening or stability masked actual rangeland degradation.",,open,abstract,
li2025drivers,Li et al. 2025,2025,Spatiotemporal variability in drivers of grassland degradation and recovery under economic transformation in Mongolia,Journal of Environmental Management,10.1016/j.jenvman.2025.127097,https://doi.org/10.1016/j.jenvman.2025.127097,drivers,article,Mongolia,2000-2020,"NDVI, LAI and NPP combined; Bayesian belief network; downscaled gridded livestock","Grasslands shifted from non-significant degradation to non-significant recovery. Precipitation, evapotranspiration and temperature were the main drivers, with a combined contribution of 67-75%.",,paywalled,abstract,
bai2022,Bai et al. 2022,2022,Assessment of vegetation change on the Mongolian Plateau over three decades using different remote sensing products,Journal of Environmental Management,10.1016/j.jenvman.2022.115509,https://doi.org/10.1016/j.jenvman.2022.115509,drivers,article,Mongolian Plateau,from 1982,"Five satellite indices compared (GPP, NPP, NDVI, LAI, fractional cover)","GPP, NPP and NDVI trend upward while LAI and fractional cover trend downward. Only 3.4% of the plateau shows consistent trends across indices.",Direct evidence that the answer depends on the index chosen.,paywalled,abstract,
bai2023,Bai et al. 2023,2023,Revisiting vegetation activity of Mongolian Plateau using multiple remote sensing datasets,Agricultural and Forest Meteorology,10.1016/j.agrformet.2023.109649,https://doi.org/10.1016/j.agrformet.2023.109649,drivers,article,Mongolian Plateau,2001-2020,"GPP, solar-induced fluorescence and NDVI against environmental factors",Summer vegetation activity was mostly increasing or stable. It correlates positively with temperature and negatively with vapour pressure deficit.,,paywalled,abstract,
yan2024,Yan et al. 2024,2024,"Impacts of climate change and human activities on vegetation dynamics on the Mongolian Plateau, East Asia from 2000 to 2023",Journal of Arid Land,10.1007/s40333-024-0082-3,https://doi.org/10.1007/s40333-024-0082-3,drivers,article,Mongolian Plateau,2000-2023,"MODIS kNDVI; Theil-Sen, Mann-Kendall, residual analysis","kNDVI increased overall, more in the south than in the north. Climate dominated change on about 51% of the plateau and inhibited growth in the north.",,paywalled,abstract,
tong2018,Tong et al. 2018,2018,Analyzing vegetation dynamic trend on the Mongolian Plateau based on the Hurst exponent and influencing factors from 1982–2013,Journal of Geographical Sciences,10.1007/s11442-018-1493-x,https://doi.org/10.1007/s11442-018-1493-x,drivers,article,Mongolian Plateau,1982-2013,GIMMS NDVI3g trends; Hurst exponent,"NDVI rose slightly, mainly in the south of the plateau. Hurst analysis predicts improvement over a larger area than degradation. Precipitation is the dominant factor.",The Hurst exponent measures persistence of the past trend. It is not a tested forecast.,paywalled,abstract,
vanlaere2026,Van Laere et al. 2026,2026,Are Mongolian rangelands overgrazed? Estimating grassland utilisation and sustainable stocking rates with a vegetation model,Ecological Indicators,10.1016/j.ecolind.2026.115233,https://doi.org/10.1016/j.ecolind.2026.115233,drivers,article,Mongolia,1970-2023,"LPJ-GUESS with one C3 grass type and a daily livestock module at 0.1° (about 9 km), driven by ERA5-Land and soum livestock counts in sheep units; human appropriation of net primary production; potential livestock density as the largest herd that never exhausts forage within a decade; checked against GOSIF GPP, MODIS NPP and a field-calibrated biomass map of the eastern steppe","Livestock reduced NPP and peak biomass by 9% on average over 1970-2023 and by 18% in 2018. Human appropriation of production rose from 6% in 1970 to 21% in 2018 and was highest in the desert. Potential density was 1.3 to 1.8 sheep units per hectare, lowest in the 2000s when rainfall fell. Reported herds exceeded it on 33% of grazing land in 2019, mostly in desert and desert steppe and around settlements.","Read in full. Agreement with satellite products is moderate (R² 0.44 to 0.56). The model overestimates NPP by about 36% on average against MODIS and underestimates it in the desert. The authors say the 33% may be too high, since 44% of the overstocked cells are desert with no MODIS NPP to check against and 40% have NPP underestimated. The close match with other carrying capacity methods is largely built in, as all were computed from the same simulated biomass. No selective grazing, herder mobility or wildlife. Model and code on Zenodo (doi:10.5281/zenodo.17465156, the version the paper cites).",open,full text,yes
rentsenduger2025,Rentsenduger et al. 2025,2025,Spatio-Temporal Variations in Grassland Carrying Capacity Derived from Remote Sensing NPP in Mongolia,Sustainability,10.3390/su17125498,https://doi.org/10.3390/su17125498,drivers,article,Mongolia,1982-2020,GLASS and MODIS NPP converted to biomass; carrying capacity,MODIS shows biomass rising from 2000 to 2020 while GLASS shows it falling from 1982 to 2018. 37.5% of grassland is severely overgrazed and 31.9-40.7% within sustainable limits. The east can support current herds.,Another case of two products disagreeing on the trend.,open,abstract,
jaschke2026,Jäschke et al. 2026,2026,Beyond Climate and Grazing: Impact of Herder Mobility on Steppe Vegetation,Applied Vegetation Science,10.1111/avsc.70077,https://doi.org/10.1111/avsc.70077,drivers,article,Mongolia: central and eastern steppe,2019-2020,"275 vegetation plots (10 × 10 m, cover by species) at 11 sites near settlements or in open steppe, interviews with 249 herder households on their 2019 moves, topsoil samples; variation partitioning, mixed models and indicator species","The four predictor groups explain 34% of plant composition. Climate alone explains 11%, disturbance 7%, mobility 6% and soil 4%, with large overlaps. More moves between seasonal pastures go with higher richness and more palatable species. Cover and palatable cover rise with distance from settlements, clearly so only where warm-season rain is below 165 mm. Dysphania aristata, Artemisia adamsii and Leymus chinensis indicate heavy disturbance.","Read in full. Mobility enters as a site average, so its effect rests on 10 sites, and p-values are not corrected for multiple tests. Plot data on Zenodo (doi:10.5281/zenodo.18936374), a possible check for a map of palatable cover.",open,full text,
tong2026,Tong et al. 2026,2026,Sensitivity of Vegetation Greenness to Multi-Depth Soil Moisture on the Mongolian Plateau: Nonlinear Responses Revealed by RF–SHAP,Remote Sensing,10.3390/rs18152600,https://doi.org/10.3390/rs18152600,drivers,article,Mongolian Plateau,1982-2022,NDVI with ERA5-Land multi-layer soil moisture; random forest with SHAP,"NDVI is most sensitive to soil moisture at 7-28 cm, then 0-7 cm, then 28-100 cm, with nonlinear threshold responses.",,open,abstract,
nakayama2025,Nakayama 2025,2025,Grazing impacts on Mongolian grasslands assessed by an eco-hydrology model,Environmental Science and Pollution Research,10.1007/s11356-025-36083-2,https://doi.org/10.1007/s11356-025-36083-2,drivers,article,Mongolia: 29 river basins,,Process-based eco-hydrology model (NICE-INVERSE),"Livestock water use is 100-120 million m3 per year, the same order as mining and urban use, with large regional variation in per-animal use.",,open,abstract,
purevjav2026,Purevjav et al. 2026,2026,"One Border, Two Steppes: Comparative Rangeland Quality in Mongolia and China",SSRN,10.2139/ssrn.6065453,https://doi.org/10.2139/ssrn.6065453,drivers,preprint,Mongolia and China,,,Abstract not read yet.,"Cross-border comparison of rangeland quality, per title. SSRN blocks automated access.",open,metadata,
bayarmagnai2026,Bayarmagnai et al. 2026,2026,Regionalized grazing–productivity associations and livestock-specific breakpoint candidates across Mongolia’s dryland rangelands,SSRN,10.2139/ssrn.7274952,https://doi.org/10.2139/ssrn.7274952,drivers,preprint,Mongolia,,,Abstract not read yet.,"Grazing-productivity breakpoints by region, per title.",open,metadata,
densambuu2018,Densambuu et al. 2018,2018,National report on the rangeland health of Mongolia: Second assessment,"Green Gold-Animal Health Project, SDC, Ulaanbaatar",,https://jornada.nmsu.edu/files/National%20Report%20of%20Rangeland%20Health%20of%20Mongolia_2018.pdf,trajectory,report,Mongolia,"2016 data, compared with 2014","1,516 NAMEM sites measured yearly since 2011 with line-point intercept, gap intercept and clipped biomass; ecological site groups and state-and-transition models assign degradation levels and recovery classes","In 2016, 42.4% of sites were non-degraded, 13.5% slightly, 21.1% moderately, 12.8% heavily and 10.3% fully degraded. Heavy and full degradation rose 5.9 and 4.3 points from 2014. Recovery classes were 43% I, 29% II, 16% III and 12% IV, with none in V.","Chapters 1-3 read. The report contradicts itself on the 2014 comparison: chapter 3 says altered sites fell 8 points, while the summary, and the 48% figure for 2014 in Sainnemekh et al. 2022, show an increase. A photo-point system covers a further 4,200 sites in 278 soums. A third assessment appears to exist (gazar.gov.mn).",open,full text,yes
eckert2015,Eckert et al. 2015,2015,Trend analysis of MODIS NDVI time series for detecting land degradation and regeneration in Mongolia,Journal of Arid Environments,10.1016/j.jaridenv.2014.09.001,https://doi.org/10.1016/j.jaridenv.2014.09.001,trajectory,article,Mongolia,11-year record,MODIS NDVI trend analysis with land cover and meteorological data,"Eleven years of data gave statistically significant trends for 50% of Mongolia. The method detected deforestation, fire, mining, urban expansion and grassland regeneration, and large trend areas followed precipitation change.",,paywalled,abstract,
sternberg2011,Sternberg et al. 2011,2011,Tracking desertification on the Mongolian steppe through NDVI and field-survey data,International Journal of Digital Earth,10.1080/17538940903506006,https://doi.org/10.1080/17538940903506006,trajectory,article,Mongolia: 33 water points,1998-2006,Line transects with NDVI,"Plant density fell 16%, but continued annual fluctuation indicates that irreversible change had not occurred. Cover was greater near water points.",,open,abstract,
sternberg2015,Sternberg et al. 2015,2015,"Contraction of the Gobi Desert, 2000–2012",Remote Sensing,10.3390/rs70201346,https://doi.org/10.3390/rs70201346,trajectory,article,Gobi (Mongolia and China),2000-2012,Satellite vegetation data with the aridity index,"The Gobi contracted over the period, driven mainly by precipitation. Notes that the desert boundary is poorly defined.",,open,abstract,
meng2021,Meng et al. 2021,2021,Monitoring desertification in Mongolia based on Landsat images and Google Earth Engine from 1990 to 2020,Ecological Indicators,10.1016/j.ecolind.2021.107908,https://doi.org/10.1016/j.ecolind.2021.107908,trajectory,article,Mongolia,1990-2020,"Landsat composites for seven dates from 1990 to 2020 in Earth Engine; MSAVI, albedo, topsoil grain size index and six bands; six classifiers trained on 1,000 points labelled from 2019-2020 field quadrats and Google Earth imagery, with a random 70/30 split; random forest importance and trend comparison for drivers","Maximum entropy classified best, with 96% accuracy and kappa 0.94. Desertified land grew from 1990 to 2005 and shrank afterwards, for an overall gain of about 1,900 km² a year. The light and moderate classes changed most, mainly in the east, while the severe classes changed little. Precipitation ranked first and livestock low, and the 2005 turn matches a break in the rainfall trend.","Read in full. The classes are defined by vegetation cover, so the naturally sparse Gobi counts as extremely severe desertification. Accuracy is reported once, from a random split of points labelled in 2019 and 2020, and not for the earlier maps. The driver ranking explains where cover is low, which largely restates the rainfall gradient. No data availability statement.",open,full text,yes
wang2020degradation,Wang et al. 2020,2020,Spatio-Temporal Pattern of Land Degradation from 1990 to 2015 in Mongolia,Environmental Development,10.1016/j.envdev.2020.100497,https://doi.org/10.1016/j.envdev.2020.100497,trajectory,article,Mongolia,1990-2015,"30 m land cover maps for 1990, 2010 and 2015","Land change over the 25 years was dominated by degradation, with restoration in some areas and improving restoration capacity.",,open,abstract,
wei2018,Wei et al. 2018,2018,Desertification Information Extraction Based on Feature Space Combinations on the Mongolian Plateau,Remote Sensing,10.3390/rs10101614,https://doi.org/10.3390/rs10101614,trajectory,article,Mongolian Plateau,,"Landsat 8; Albedo-NDVI, Albedo-MSAVI and Albedo-TGSI feature spaces","Overall accuracies were 84.5%, 85.6% and 88.3%. The best index pair depends on vegetation cover, with Albedo-TGSI best for very sparse cover.",,open,abstract,
lamchin2016,Lamchin et al. 2016,2016,Assessment of land cover change and desertification using remote sensing technology in a local region of Mongolia,Advances in Space Research,10.1016/j.asr.2015.10.006,https://doi.org/10.1016/j.asr.2015.10.006,trajectory,article,Mongolia: a local region,,,Abstract not read yet.,,paywalled,metadata,
lee2019,Lee et al. 2019,2019,Assessing environmentally sensitive land to desertification using MEDALUS method in Mongolia,Forest Science and Technology,10.1080/21580103.2019.1667880,https://doi.org/10.1080/21580103.2019.1667880,trajectory,article,Mongolia,2003 and 2008,Modified MEDALUS sensitivity index with nine factors,The area in the highest sensitivity class increased about five times between 2003 and 2008.,Compares two single years.,open,abstract,
xu2024,Xu et al. 2024,2024,Spatiotemporal evolution and driving mechanisms of desertification on the Mongolian Plateau,Science of The Total Environment,10.1016/j.scitotenv.2024.173566,https://doi.org/10.1016/j.scitotenv.2024.173566,trajectory,article,Mongolian Plateau,1990-2020,30 m Landsat in Google Earth Engine; feature space and five machine learning models,2010 marked a turn from degradation to restoration on the plateau. From 2010 to 2020 desertified land kept deteriorating in southern Mongolia while Inner Mongolia recovered. Best model accuracy was 88.2%.,,paywalled,abstract,
wang2022border,Wang et al. 2022,2022,Assessment of Land Desertification and Its Drivers on the Mongolian Plateau Using Intensity Analysis and the Geographical Detector Technique,Remote Sensing,10.3390/rs14246365,https://doi.org/10.3390/rs14246365,trajectory,article,Border area: East Ujimqin Banner and three Mongolian soums,2000-2015,Visual interpretation; intensity analysis; geographical detector,Desertification on the Mongolian side concentrated in Matad soum and was driven mostly by natural conditions.,,open,abstract,
nyamtseren2025,Nyamtseren et al. 2025,2025,Mapping Vegetation Changes in Mongolian Grasslands (1990–2024) Using Landsat Data and Advanced Machine Learning Algorithm,Remote Sensing,10.3390/rs17030400,https://doi.org/10.3390/rs17030400,trajectory,article,Mongolia: Ugii Lake watershed,1990-2024,Landsat with XGBoost classification,Montane grassland declined 6.2% while other grassland types increased. Reported overall accuracy is above 94%.,,open,abstract,
hao2023,Hao et al. 2023,2023,Spatial–Temporal and Driving Factors of Land Use/Cover Change in Mongolia from 1990 to 2021,Remote Sensing,10.3390/rs15071813,https://doi.org/10.3390/rs15071813,trajectory,article,Mongolia,1990-2021,Annual Landsat land cover with random forest,17.6% of land changed class at least once. Barren land increased while grassland and forest decreased.,,open,abstract,
wang2022landcover,Wang et al. 2022,2022,Updatable dataset revealing decade changes in land cover types in Mongolia,Geoscience Data Journal,10.1002/gdj3.149,https://doi.org/10.1002/gdj3.149,trajectory,dataset,Mongolia,"1990, 2000, 2010, 2020",Object-based 30 m land cover in 11 classes,"Barren land shows an overall decrease over 30 years, real steppe a decrease and desert steppe an increase. Accuracies are 82-92%.",Hao et al. 2023 report barren land increasing over a similar period.,open,abstract,
han2021,Han et al. 2021,2021,"Sandstorms and desertification in Mongolia, an example of future climate events: a review",Environmental Chemistry Letters,10.1007/s10311-021-01285-w,https://doi.org/10.1007/s10311-021-01285-w,trajectory,review,Mongolia,,Review,"Reviews the 2021 sandstorms and their background. Cites a 2.24 C rise in annual mean temperature from 1940 to 2015, a 7% fall in precipitation, and more than three quarters of land affected by drought and desertification.",,open,abstract,
liang2021,Liang et al. 2021,2021,Research Progress of Desertification and Its Prevention in Mongolia,Sustainability,10.3390/su13126861,https://doi.org/10.3390/su13126861,trajectory,review,Mongolia,,Literature review,"Finds that monitoring has been low-resolution and delayed, that driver contributions have not been quantified by region, and that desertification models for Mongolia are underdeveloped.",,open,abstract,
mandakh2016,Mandakh et al. 2016,2016,Spatial assessment of soil wind erosion using WEQ approach in Mongolia,Journal of Geographical Sciences,10.1007/s11442-016-1280-5,https://doi.org/10.1007/s11442-016-1280-5,trajectory,article,Mongolia,,,Abstract not read yet.,"Wind erosion assessment with the WEQ approach, per title.",paywalled,metadata,
he2026,He et al. 2026,2026,Ecological vulnerability assessment of typical grasslands on the Mongolian Plateau: Abrupt change detection and driving mechanism analysis,Ecological Indicators,10.1016/j.ecolind.2026.115416,https://doi.org/10.1016/j.ecolind.2026.115416,trajectory,article,Mongolian Plateau: typical grasslands,2001-2022,Sensitivity-resilience-pressure index with spatial PCA; abrupt change detection,"Vulnerability declined slowly overall, with an abrupt change in 2014 after which the degraded area expanded about 57.6%, mainly in the south and north-east. Natural factors were the main drivers.",,open,abstract,
han2025,Han et al. 2025,2025,Change Patterns of Ecological Vulnerability and Its Dominant Factors in Mongolia During 2000–2022,Remote Sensing,10.3390/rs17071248,https://doi.org/10.3390/rs17071248,trajectory,article,Mongolia,2000-2022,MODIS ecological vulnerability index; geographical detector,"Vulnerability is moderate on average and its centre is shifting south-west. Maximum temperature is the leading driver overall, with precipitation leading in the east, centre and south.",,open,abstract,
dorjsuren2025,Dorjsuren et al. 2025,2025,Desertification and land degradation problems in soums in different natural regions of Mongolia,Mongolian Journal of Geography and Geoecology,10.5564/mjgg.v62i46.4255,https://doi.org/10.5564/mjgg.v62i46.4255,trajectory,article,Mongolia: three soums,1985-2022,"Remote sensing, ground observations and socio-economic indicators","Describes land cover change linked to drought and degradation in a forest-steppe, a dry-steppe and a desert-steppe soum. Quotes 77.8% of territory showing degradation.",From the institute that runs the national assessments.,open,abstract,
zhang2020shift,Zhang et al. 2020,2020,Abrupt shift to hotter and drier climate over inner East Asia beyond the tipping point,Science,10.1126/science.abb3368,https://doi.org/10.1126/science.abb3368,climate,article,Inner East Asia,260-year reconstruction,Tree-ring reconstructions of heatwaves and soil moisture,"Heatwave and drought concurrence over the last two decades is unprecedented in 260 years. Soil moisture deficit and surface warming reinforce each other, and the shift may be irreversible.",,paywalled,abstract,
hessl2018,Hessl et al. 2018,2018,Past and future drought in Mongolia,Science Advances,10.1126/sciadv.1701832,https://doi.org/10.1126/sciadv.1701832,climate,article,Mongolia,"2,060-year reconstruction; simulations to 2100",Tree-ring drought reconstruction with climate model ensembles,The 2000s drought was highly unusual but not unprecedented in two millennia. The model ensemble suggests drying until mid-century and a reversal afterwards as precipitation rises.,,open,abstract,
nandintsetseg2013,Nandintsetseg & Shinoda 2013,2013,"Assessment of drought frequency, duration, and severity and its impact on pasture production in Mongolia",Natural Hazards,10.1007/s11069-012-0527-4,https://doi.org/10.1007/s11069-012-0527-4,climate,article,Mongolia,,,Abstract not read yet.,"Drought frequency and its effect on pasture production, per title.",paywalled,metadata,
kilpys2025,Kilpys et al. 2025,2025,Climate Impact on the Seasonal and Interannual Variation in NDVI and GPP in Mongolia,Atmosphere,10.3390/atmos16111307,https://doi.org/10.3390/atmos16111307,climate,article,Mongolia,2000-2024,ERA5-Land with NDVI and GPP,"Annual temperature rose 0.94 C and precipitation 32 mm (about 13%), mainly in the north and east. Maximum NDVI rose 0.025 per decade and GPP 38%, with no change or slight decline in the central steppe in May-June.",,open,abstract,
tao2015,Tao et al. 2015,2015,Rapid loss of lakes on the Mongolian Plateau,Proceedings of the National Academy of Sciences,10.1073/pnas.1411748112,https://doi.org/10.1073/pnas.1411748112,effects,article,Mongolian Plateau,late 1980s-2010,Landsat lake survey with ground census,"Lakes larger than 1 km2 fell from 785 to 577, a loss of 17.6% in Mongolia and 34.0% in Inner Mongolia. In Mongolia precipitation was the dominant driver.",,open,abstract,
qi2024,Qi et al. 2024,2024,Decreased river runoff on the Mongolian Plateau since around 2000,Landscape Ecology,10.1007/s10980-024-01877-1,https://doi.org/10.1007/s10980-024-01877-1,effects,article,Mongolian Plateau,gauge records of 20-71 years,Runoff records for 30 rivers; Budyko framework; comparison with CMIP6,"Runoff dropped abruptly around 2000 in 21 of 30 rivers, mainly from precipitation change. CMIP6 simulations did not reproduce the drop.",A caution for using CMIP6 output as forecast input in this region.,open,abstract,
natsagdorj2003,Natsagdorj et al. 2003,2003,Analysis of dust storms observed in Mongolia during 1937–1999,Atmospheric Environment,10.1016/s1352-2310(02)01023-3,https://doi.org/10.1016/s1352-2310(02)01023-3,effects,article,Mongolia,1937-1999,,Abstract not read yet.,"Station record of dust storms, per title.",paywalled,metadata,
zhang2003,Zhang et al. 2003,2003,Sources of Asian dust and role of climate change versus desertification in Asian dust emission,Geophysical Research Letters,10.1029/2003gl018206,https://doi.org/10.1029/2003gl018206,effects,article,East Asia,43-year simulation,Dust emission and transport model with station data,Deserts in Mongolia and in western and northern China contribute about 70% of Asian dust emissions. Meteorology and climate influenced emissions more than desertification did.,,paywalled,abstract,
yin2022,Yin et al. 2022,2022,Why super sandstorm 2021 in North China?,National Science Review,10.1093/nsr/nwab165,https://doi.org/10.1093/nsr/nwab165,effects,article,Mongolia and North China,2021,Reanalysis and CMIP6 large ensemble,"Attributes the March 2021 sandstorm to dry, loose ground in the Mongolian source area after temperature swings and low precipitation, combined with a very strong Mongolian cyclone.",,open,abstract,
bao2025,Bao et al. 2025,2025,Dust Intensity Across Vegetation Types in Mongolia: Drivers and Trends,Remote Sensing,10.3390/rs17030410,https://doi.org/10.3390/rs17030410,effects,article,Mongolia,2001-2022,"Station dust intensity with reanalysis, satellite and statistical data","Dust intensity rose at about two thirds of stations. The authors attribute most of it to anthropogenic factors, except in alpine meadow.","Drivers are GDP and population statistics, which are coarse proxies.",open,abstract,
rao2015,Rao et al. 2015,2015,"Dzuds, droughts, and livestock mortality in Mongolia",Environmental Research Letters,10.1088/1748-9326/10/7/074012,https://doi.org/10.1088/1748-9326/10/7/074012,effects,article,Mongolia: 21 aimags,1955-2013,Livestock mortality against climate variables,"Mortality is tied most strongly to winter temperature, with prior summer drought as a trigger. The climate-only model explains 48.4% of mortality variability.",,open,abstract,
fernandezgimenez2012,Fernández-Giménez et al. 2012,2012,Cross-boundary and cross-level dynamics increase vulnerability to severe winter disasters (dzud) in Mongolia,Global Environmental Change,10.1016/j.gloenvcha.2012.07.001,https://doi.org/10.1016/j.gloenvcha.2012.07.001,effects,article,Mongolia,,,Abstract not read yet.,"Vulnerability to dzud, per title.",paywalled,metadata,
nandintsetseg2018,Nandintsetseg et al. 2018,2018,Cold-season disasters on the Eurasian steppes: Climate-driven or man-made,Scientific Reports,10.1038/s41598-018-33046-1,https://doi.org/10.1038/s41598-018-33046-1,effects,article,Mongolia,2000-2014,Multiple regression by province on hazards and socioeconomic data,"Combined hazards (drought, cold, snow) and herder vulnerability explain 93.5% of dzud mortality in roughly equal parts (47.3% and 46.2%).",,open,abstract,
xu2021migration,Xu et al. 2021,2021,Migration under economic transition and changing climate in Mongolia,Journal of Arid Environments,10.1016/j.jaridenv.2020.104333,https://doi.org/10.1016/j.jaridenv.2020.104333,effects,article,Mongolia,2001-2014,National labour survey data,"Over 80% of migration was to cities, mostly Ulaanbaatar. Migration rates rose after the 2009-2010 dzud.",,open,abstract,
davaatseren2026,Davaatseren et al. 2026,2026,"Rangeland Degradation, Vegetation Dynamics, and Household Income in a Mongolian Pastoral System: Panel Evidence from Öndörshireet Soum",Land,10.3390/land15060954,https://doi.org/10.3390/land15060954,effects,article,"Mongolia: Ondorshireet soum, Tov",2018-2024,"Sentinel-2 NDVI, 120 soil plots and a 114-household panel",Nearly 90% of plots were at least moderately degraded and NDVI declined. Household income is positively associated with vegetation condition.,,open,abstract,
fernandezgimenez2017,Fernández-Giménez et al. 2017,2017,Exploring linked ecological and cultural tipping points in Mongolia,Anthropocene,10.1016/j.ancene.2017.01.003,https://doi.org/10.1016/j.ancene.2017.01.003,effects,review,Mongolia,Holocene; 1991-2015,"Review with regional analysis of climate, livestock and remote sensing data","A large share of rangeland is altered from its potential, but few areas have crossed an irreversible threshold. Khangai, northern and central regions may approach a tipping point if grazing pressure is not reduced.",,open,abstract,
chen2018,Chen et al. 2018,2018,Prospects for the sustainability of social-ecological systems (SES) on the Mongolian plateau: five critical issues,Environmental Research Letters,10.1088/1748-9326/aaf27b,https://doi.org/10.1088/1748-9326/aaf27b,effects,review,Mongolian Plateau,,Synthesis from an expert workshop,"Identifies five critical issues, among them the unsustainability of large-scale afforestation in arid and semi-arid Inner Mongolia, and warns that lessons from Inner Mongolia may not transfer to Mongolia.",,open,abstract,
sanzheev2020,Sanzheev et al. 2020,2020,Theoretical Approaches and Practical Assessment of Socio-Economic Effects of Desertification in Mongolia,International Journal of Environmental Research and Public Health,10.3390/ijerph17114068,https://doi.org/10.3390/ijerph17114068,effects,article,Mongolia: model areas,ten-year period,Household questionnaire surveys,"Surveys record growing effects of desertification on herding, water supply and living standards across natural zones.",,open,abstract,
gantumur2025,Gantumur & Ganchudur 2025,2025,A Review of the Socio-Economic Impacts of Desertification and Land Degradation in Mongolia,Mongolian Journal of Geography and Geoecology,10.5564/mjgg.v62i46.4248,https://doi.org/10.5564/mjgg.v62i46.4248,effects,review,Mongolia,,Review of 25 reports and articles,"Repeats the figure of 76.9% of territory affected, with 23.3% severe or very severe. Reports 665,058 people moving to Ulaanbaatar from 2000 to 2023 and losses of 1.2 trillion MNT per year.","Secondary source. Abstract, selected passages and reference list read. Trace each figure to the ministry reports it cites.",open,excerpt,
ayusheeva2025,Ayusheeva et al. 2025,2025,Impact of the Dzud Disaster on Nomadic Livestock Farming in Mongolia,Sustainability,10.3390/su172310631,https://doi.org/10.3390/su172310631,effects,article,Mongolia: five aimags,2023-2024,"Household survey, carrying capacity analysis and economic assessment",63.3% of surveyed households lost livestock in the 2023-2024 dzud. Total damage including lost ecosystem services is estimated at 1.5-1.9 billion USD. Overgrazing is identified as a key vulnerability.,,open,abstract,
hana2025,Hana et al. 2025,2025,Snow Cover Inversion Driven by Dzud Events in Mongolia from 2000 to 2024,Sustainability,10.3390/su172310852,https://doi.org/10.3390/su172310852,effects,article,Mongolia,2000-2024,MODIS snow index checked against Sentinel-2,Maps snow cover during the five most severe dzud events. Snow cover shows a slight decline over 25 years with large year-to-year swings.,,open,abstract,
kang2024,Kang et al. 2024,2024,Applying Multi-Sensor Satellite Data to Identify Key Natural Factors in Annual Livestock Change and Winter Livestock Disaster (Dzud) in Mongolian Nomadic Pasturelands,Land,10.3390/land13030391,https://doi.org/10.3390/land13030391,effects,article,Mongolia: soums,,"Multi-sensor satellite drivers; PCA, stepwise regression and random forest","Random forest explained annual livestock change with R2 above 0.9 in most soums. Summer and winter variables were about equally important, and the main drivers differ by region.",,open,abstract,
nandintsetseg2026b,Nandintsetseg et al. 2026,2026,Impacts of climate hazards on livestock populations in the Eurasian dryland countries,Regional Environmental Change,10.1007/s10113-026-02643-6,https://doi.org/10.1007/s10113-026-02643-6,effects,article,Eurasian drylands,,,Abstract not read yet.,"Climate hazards and livestock populations, per title.",paywalled,metadata,
chen2026,Chen et al. 2026,2026,Increasing dust storms in Mongolia and its association with natural and anthropogenic factors,Journal of Environmental Sciences,10.1016/j.jes.2026.05.004,https://doi.org/10.1016/j.jes.2026.05.004,effects,article,Mongolia,,,Abstract not read yet.,"Increasing dust storms and their drivers, per title.",paywalled,metadata,
fernandezgimenez2015,Fernández-Giménez et al. 2015,2015,Lessons from the Dzud: Community-Based Rangeland Management Increases the Adaptive Capacity of Mongolian Herders to Winter Disasters,World Development,10.1016/j.worlddev.2014.11.015,https://doi.org/10.1016/j.worlddev.2014.11.015,actions,article,Mongolia,2009-2010 dzud,Comparison of herder communities with and without formal community-based management,"Herders in formal groups showed greater adaptive capacity, through knowledge exchange, information access and proactive behaviour.",Read from the RePEc summary.,paywalled,abstract,
addison2013,Addison et al. 2013,2013,Do pasture user groups lead to improved rangeland condition in the Mongolian Gobi Desert?,Journal of Arid Environments,10.1016/j.jaridenv.2013.02.009,https://doi.org/10.1016/j.jaridenv.2013.02.009,actions,article,Mongolia: Gobi,,Pasture user group areas of three and twelve years compared with non-group areas; interviews and field indicators,"Some indicators differed between group and non-group areas, but no group-specific institutions or activities explained the difference. Concludes the effect of groups on rangeland condition may be overstated.",,paywalled,abstract,
ulambayar2017,Ulambayar et al. 2017,2017,Social Outcomes of Community-based Rangeland Management in Mongolian Steppe Ecosystems,Conservation Letters,10.1111/conl.12267,https://doi.org/10.1111/conl.12267,actions,article,Mongolia: four ecological zones,,77 formal groups compared with 65 traditional neighbourhoods,Group members were more proactive and used more management practices. Most livelihood measures did not differ.,,open,abstract,
you2024,You et al. 2024,2024,Policies and Regulations for Desertification Prevention and Control in Mongolia,Land,10.3390/land13040559,https://doi.org/10.3390/land13040559,actions,review,Mongolia,,Policy and legal review,Reviews Mongolia's desertification policies and regulations and argues for a dedicated desertification prevention and control law and a joint mechanism with China.,,open,abstract,
allington2024,Allington et al. 2024,2024,Context matters: Rethinking resource governance theories for Mongolian pastoral systems,Land Use Policy,10.1016/j.landusepol.2024.107170,https://doi.org/10.1016/j.landusepol.2024.107170,actions,article,Mongolia: four ecozones,,Survey of 760 households,"Rules, social capital and forage availability predict whether a household reserves pasture. Social ties and environmental conditions predict mobility.",,open,abstract,
dashbal2023,Dashbal et al. 2023,2023,Implementing a resilience-based management system in Mongolia's rangelands,Ecosphere,10.1002/ecs2.4665,https://doi.org/10.1002/ecs2.4665,actions,article,Mongolia,,Description of a national programme,"Describes the national system built on ecological site models, standardized monitoring by government agencies, rangeland use agreements with pasture user groups, and product traceability. Ecological outcomes still need assessment.",,open,abstract,
byambadorj2021,Byambadorj et al. 2021,2021,Optimal Irrigation Regime for Woody Species Potentially Suitable for Effective and Sustainable Afforestation in the Desert Region of Mongolia,Land,10.3390/land10020212,https://doi.org/10.3390/land10020212,actions,article,Mongolia: desert region,ten years,Irrigation trial with four woody species,The lowest irrigation regime was optimal for three of four species. The highest regime grew trees faster with lower survival.,Shows the irrigation that afforestation in the desert zone involves.,open,abstract,
cho2019,Cho et al. 2019,2019,"Comparison of water use efficiency and biomass production in 10-year-oldPopulus sibiricaandUlmus pumilaplantations in Lun soum, Mongolia",Forest Science and Technology,10.1080/21580103.2019.1634646,https://doi.org/10.1080/21580103.2019.1634646,actions,article,Mongolia: Lun soum,,Ten-year-old stands in the Korea-Mongolia Green Belt plantation,"Ulmus pumila had higher water use efficiency than Populus sibirica, which produced about 2.5 times more biomass.",,open,abstract,
lee2016,Lee & Ahn 2016,2016,A way forward to sustainable international forestry cooperation: a case study of the 'Greenbelt Plantation Project in Mongolia',AgEcon Search,10.22004/ag.econ.251932,https://doi.org/10.22004/ag.econ.251932,actions,article,Mongolia,,Mid-term project assessment,Assesses the Korea-Mongolia Greenbelt Plantation project with a focus on project sustainability and government participation.,,open,abstract,
wang2024,Wang et al. 2024,2024,Estimation of the Carrying Capacity and Relative Stocking Density of Mongolian grasslands under various adaptation scenarios,Science of The Total Environment,10.1016/j.scitotenv.2023.169772,https://doi.org/10.1016/j.scitotenv.2023.169772,actions,article,Mongolia: soum level,2000-2019,"Ecological model with socio-economic data, validated with NAMEM data",Carrying capacity ranges from 2.8 sheep units per hectare in the north to 0.3 in parts of the Gobi. Relative stocking density averages 1.07 and is highest near Ulaanbaatar.,,open,abstract,
gros2022,Gros et al. 2022,2022,The effectiveness of forecast-based humanitarian assistance in anticipation of extreme winters: a case study of vulnerable herders in Mongolia,Disasters,10.1111/disa.12467,https://doi.org/10.1111/disa.12467,actions,article,Mongolia,2017-2018 dzud,Quasi-experimental evaluation of forecast-based cash and veterinary kits,"Found reduced mortality and higher offspring survival for some species, and that early timing matters.",Shows that forecasts have an operational use and that their effect can be evaluated.,open,abstract,
sneath1998,Sneath 1998,1998,State Policy and Pasture Degradation in Inner Asia,Science,10.1126/science.281.5380.1147,https://doi.org/10.1126/science.281.5380.1147,actions,article,"Inner Asia (Russia, Mongolia, China)",,Comparative research project,"Areas that kept mobile pastoralism, such as Mongolia, reported much less pasture degradation than areas that moved to static, mechanised systems.",,paywalled,abstract,
wang2013,Wang et al. 2013,2013,"Climate adaptation, local institutions, and rural livelihoods: A comparative study of herder communities in Mongolia and Inner Mongolia, China",Global Environmental Change,10.1016/j.gloenvcha.2013.08.014,https://doi.org/10.1016/j.gloenvcha.2013.08.014,actions,article,Mongolia and Inner Mongolia,,,Abstract not read yet.,"Comparative study of herder communities, per title.",paywalled,metadata,
nyamjav2025,Nyamjav et al. 2025,2025,The Degradation of Rangelands in Mongolia: An Actor-Centered Institutionalist Approach,Rangeland Ecology & Management,10.1016/j.rama.2025.05.003,https://doi.org/10.1016/j.rama.2025.05.003,actions,article,Mongolia,,Policy documents and semi-structured interviews; actor-centred institutionalism,Explains why a Rangeland Law has not been adopted over decades: institutional factors and political interests outweigh actor-level factors.,States that 65% of rangelands are degraded to some extent relative to reference.,open,abstract,
wang2010,Wang et al. 2010,2010,Has the Three Norths Forest Shelterbelt Program solved the desertification and dust storm problems in arid and semiarid China?,Journal of Arid Environments,10.1016/j.jaridenv.2009.08.001,https://doi.org/10.1016/j.jaridenv.2009.08.001,comparable,article,Northern China,late 1970s onward,"Assessment with afforestation, desertification and dust storm data","Finds little solid evidence that the Three Norths shelterbelt afforestation controlled desertification and dust storms, and concludes its importance has been overstated.",,paywalled,abstract,
cao2011,Cao et al. 2011,2011,Excessive reliance on afforestation in China's arid and semi-arid regions: Lessons in ecological restoration,Earth-Science Reviews,10.1016/j.earscirev.2010.11.002,https://doi.org/10.1016/j.earscirev.2010.11.002,comparable,review,Northern China,,,Abstract not read yet.,"Lessons from afforestation in arid and semi-arid China, per title.",paywalled,metadata,
cai2020,Cai et al. 2020,2020,Contributions of ecological programs to vegetation restoration in arid and semiarid China,Environmental Research Letters,10.1088/1748-9326/abbde9,https://doi.org/10.1088/1748-9326/abbde9,comparable,article,Arid and semi-arid China,1982-2015,"Vegetation indices, land use and climate factors",Climate and CO2 contributed more than 50% (1982-2000) and 70% (2001-2015) to vegetation restoration. Ecological programmes contributed about 20%.,,open,abstract,
wang2020restoration,Wang et al. 2020,2020,Vegetation restoration in Northern China: A contrasted picture,Land Degradation & Development,10.1002/ldr.3314,https://doi.org/10.1002/ldr.3314,comparable,article,Northern China (Three-North region),three decades,GIMMS NDVI fractional cover with rainfall and forestry statistics,Vegetation cover rose across the region. The authors infer a role for restoration in the east and centre and report low survival of planted trees.,,open,abstract,
deng2016,Deng et al. 2016,2016,Severe depletion of soil moisture following land-use changes for ecological restoration: Evidence from northern China,Forest Ecology and Management,10.1016/j.foreco.2016.01.026,https://doi.org/10.1016/j.foreco.2016.01.026,comparable,review,Northern China,,"Synthesis of 1,740 observations at 83 sites","Afforestation significantly depleted soil moisture, while natural restoration did not. Planting is judged practical only above about 600 mm annual precipitation.",Munkhzul et al. 2021 report 120-370 mm across Mongolian steppe sites.,paywalled,abstract,
yin2018,Yin et al. 2018,2018,Land use and land cover change in Inner Mongolia - understanding the effects of China's re-vegetation programs,Remote Sensing of Environment,10.1016/j.rse.2017.08.030,https://doi.org/10.1016/j.rse.2017.08.030,comparable,article,Inner Mongolia,,,Abstract not read yet.,"Effects of China's re-vegetation programmes on land cover, per title.",paywalled,metadata,
evans2004,Evans & Geerken 2004,2004,Discrimination between climate and human-induced dryland degradation,Journal of Arid Environments,10.1016/s0140-1963(03)00121-6,https://doi.org/10.1016/s0140-1963(03)00121-6,measurement,article,,,,Abstract not read yet.,"Origin of the residual trend approach, per title.",paywalled,metadata,
wessels2007,Wessels et al. 2007,2007,Can human-induced land degradation be distinguished from the effects of rainfall variability? A case study in South Africa,Journal of Arid Environments,10.1016/j.jaridenv.2006.05.015,https://doi.org/10.1016/j.jaridenv.2006.05.015,measurement,article,South Africa,,,Abstract not read yet.,"Separating human-induced degradation from rainfall variability, per title.",paywalled,metadata,
wessels2012,Wessels et al. 2012,2012,Limits to detectability of land degradation by trend analysis of vegetation index data,Remote Sensing of Environment,10.1016/j.rse.2012.06.022,https://doi.org/10.1016/j.rse.2012.06.022,measurement,article,South Africa,1985-2003,"Losses of 10 to 40% inserted at different rates and start years into 16 seasons of 1 km AVHRR NDVI from a protected savanna; linear, Mann-Kendall and residual trend tests","With the rainfall-driven positive trend present, seasonal NDVI had to fall 30-40% before significant negative trends appeared, while degraded land nearby is only 10-20% below intact land. Without that trend, a 20% loss was detectable. Losses near the start or end of the series went undetected. Residual trend analysis became unreliable at losses of 20% or more, because the loss weakens the NDVI-rainfall relation it relies on.","Read in full. The authors recommend testing a method on simulated losses before claiming it maps degradation, and stress that results depend on the start and end years. They say the limits differ by environment and have to be tested locally.",paywalled,full text,yes
burrell2017,Burrell et al. 2017,2017,Detecting dryland degradation using Time Series Segmentation and Residual Trend analysis (TSS-RESTREND),Remote Sensing of Environment,10.1016/j.rse.2017.05.018,https://doi.org/10.1016/j.rse.2017.05.018,measurement,article,Australia,,Residual trends combined with break detection (BFAST),"Detected degradation in 5.25% of pixels against 2.0% for the residual trend method alone, and captured the timing and direction of change at two known sites.",,paywalled,abstract,
burrell2018,Burrell et al. 2018,2018,The impact of dataset selection on land degradation assessment,ISPRS Journal of Photogrammetry and Remote Sensing,10.1016/j.isprsjprs.2018.08.017,https://doi.org/10.1016/j.isprsjprs.2018.08.017,measurement,article,,,,Abstract not read yet.,"Effect of dataset choice on degradation assessment, per title.",paywalled,metadata,
higginbottom2014,Higginbottom & Symeonakis 2014,2014,Assessing Land Degradation and Desertification Using Vegetation Index Data: Current Frameworks and Future Directions,Remote Sensing,10.3390/rs6109552,https://doi.org/10.3390/rs6109552,measurement,review,Global,,Review,"Reviews vegetation-index methods for degradation. Calls for robust, comparable validation and for detection of low-intensity degradation.",,open,abstract,
prince2019,Prince 2019,2019,Challenges for remote sensing of the Sustainable Development Goal SDG 15.3.1 productivity indicator,Remote Sensing of Environment,10.1016/j.rse.2019.111428,https://doi.org/10.1016/j.rse.2019.111428,measurement,review,Global,,Review,"Argues that vegetation indices alone are not an adequate SDG 15.3.1 productivity indicator. Names four gaps, including the lack of reference conditions and the difficulty of separating human from natural causes.",,open,abstract,
sims2019,Sims et al. 2019,2019,Developing good practice guidance for estimating land degradation in the context of the United Nations Sustainable Development Goals,Environmental Science & Policy,10.1016/j.envsci.2018.10.014,https://doi.org/10.1016/j.envsci.2018.10.014,measurement,article,Global,,,Abstract not read yet.,"Good practice guidance for SDG 15.3.1, per title.",paywalled,metadata,
smith2019,Smith et al. 2019,2019,"Remote sensing of dryland ecosystem structure and function: Progress, challenges, and opportunities",Remote Sensing of Environment,10.1016/j.rse.2019.111401,https://doi.org/10.1016/j.rse.2019.111401,measurement,review,Global drylands,,,Abstract not read yet.,"Review of dryland remote sensing, per title.",open,metadata,
rivera2022,Rivera-Marin et al. 2022,2022,The use of remote sensing for desertification studies: A review,Journal of Arid Environments,10.1016/j.jaridenv.2022.104829,https://doi.org/10.1016/j.jaridenv.2022.104829,measurement,review,Global,,Review of studies since 1991,"Landsat is the main data source, classification and change detection are the main methods, and China has the most studies.",,open,abstract,
karnieli2013,Karnieli et al. 2013,2013,Do vegetation indices provide a reliable indication of vegetation degradation? A case study in the Mongolian pastures,International Journal of Remote Sensing,10.1080/01431161.2013.793865,https://doi.org/10.1080/01431161.2013.793865,measurement,article,Mongolia: mountain steppe and steppe along the Trans-Mongolian Railway,images 2000-2002; field 2002-2003,"Six fence-line pairs (railway fenced since the 1950s); Landsat 7 EVI; field density, biomass and cover; leaf spectra","Ungrazed plots had higher density (27 vs 18 plants per m2), biomass (129 vs 59 g/m2) and cover (66% vs 52%), yet lower EVI (0.22 vs 0.28). Unpalatable species with high near-infrared reflectance dominate grazed plots, while palatable grasses yellow by mid-summer.","Six pairs, no desert steppe, late-season images. The season of measurement may drive the sign of the effect.",paywalled,full text,yes
john2018,John et al. 2018,2018,Grassland canopy cover and aboveground biomass in Mongolia and Inner Mongolia: Spatiotemporal estimates and controlling factors,Remote Sensing of Environment,10.1016/j.rse.2018.05.002,https://doi.org/10.1016/j.rse.2018.05.002,measurement,article,Mongolian Plateau,2000-2016,"More than 1,000 field samples; rule-based regression trees on MODIS",Models of canopy cover and aboveground biomass reached validation R2 of 0.67 and 0.68.,,paywalled,abstract,
otgonbayar2019,Otgonbayar et al. 2019,2019,"Mapping pasture biomass in Mongolia using Partial Least Squares, Random Forest regression and Landsat 8 imagery",International Journal of Remote Sensing,10.1080/01431161.2018.1541110,https://doi.org/10.1080/01431161.2018.1541110,measurement,article,Mongolia,,553 field sites; Landsat 8; random forest and partial least squares,"Both models reached R2 of about 0.75 for pasture biomass, mapped at 30 m.",,paywalled,abstract,
dashpurev2023,Dashpurev et al. 2023,2023,Estimating fractional vegetation cover and aboveground biomass for land degradation assessment in eastern Mongolia steppe: combining ground vegetation data and remote sensing,International Journal of Remote Sensing,10.1080/01431161.2023.2165421,https://doi.org/10.1080/01431161.2023.2165421,measurement,article,Mongolia: eastern steppe,,256 plots from the national pasture-monitoring database; Sentinel-2; random forest,R2 was 0.81 for fractional cover and 0.76 for biomass. Landsat NDVI decreased significantly on 58% of the area.,Uses the national monitoring database as ground truth.,paywalled,abstract,
allred2021,Allred et al. 2021,2021,Improving Landsat predictions of rangeland fractional cover with multitask learning and uncertainty,Methods in Ecology and Evolution,10.1111/2041-210x.13564,https://doi.org/10.1111/2041-210x.13564,measurement,article,Western United States,,"Temporal convolutional network on Landsat 5, 7 and 8 reflectance, NDVI and NBR2 in 64-day steps over two years, plus coordinates; trained on 52,012 line-point intercept plots from 2004-2019; tested on 5,780 plots held out at random by state and on five independent datasets; uncertainty from dropout at prediction time","Yearly 30 m cover of annual and perennial forbs and grasses, shrubs, trees, litter and bare ground for western US rangelands, 1984-2019. Held-out plots gave 6.3% mean absolute error and 9.6% RMSE, with r² of 0.57 to 0.77 for most groups. On the independent datasets absolute errors were similar but r² was often lower, down to 0.08.","Read in full. Template for a field-trained condition map. Plots were held out at random rather than by region or year, and the maps before 2004 have no field check. Mongolia's network has 1,516 sites against 57,792 plots here, and it uses the same family of field methods (line-point intercept, a DIMA database). Maps on the Rangeland Analysis Platform.",open,full text,yes
oyundelger2026a,Oyundelger et al. 2026,2026,Pasture condition in the Mongolian steppe: Cross-validating traditional ecological knowledge and field-based ecological surveys,Biological Conservation,10.1016/j.biocon.2025.111587,https://doi.org/10.1016/j.biocon.2025.111587,measurement,article,Mongolia: ten sites,2020,367 household interviews; field vegetation surveys; remote-sensing biomass,"Herders' assessments of pasture condition varied widely even within sites and had only a moderate association with field data, so field surveys are still needed.",,open,abstract,
oyundelger2026b,Oyundelger et al. 2026,2026,Green is not always good: NDVI may not capture rangeland degradation in Mongolia,SSRN,10.2139/ssrn.6901712,https://doi.org/10.2139/ssrn.6901712,measurement,preprint,Mongolia,,,Abstract not read yet.,"Argues NDVI may not capture rangeland degradation, per title. SSRN blocks automated access.",open,metadata,
mardesic2026,Mardesic et al. 2026,2026,Perception of Rangeland Degradation in Mongolia: The Role of Herder Groups and Local Ecological Knowledge,Rangeland Ecology & Management,10.1016/j.rama.2026.01.002,https://doi.org/10.1016/j.rama.2026.01.002,measurement,article,Mongolia: two districts,,Herder surveys in a district with pasture user groups and one without; comparison with instrumental data,"Herders active in pasture user groups perceive more degradation, but the indicators they use do not differ. NDVI alone did not track the early-stage degradation herders report.",,open,abstract,
yang2026,Yang et al. 2026,2026,Greening–Function Decoupling and Land Degradation Risks in the Mongolian Plateau,Land Degradation & Development,10.1002/ldr.70535,https://doi.org/10.1002/ldr.70535,measurement,article,Mongolian Plateau,2012-2022,"Index combining NDVI with NPP, evapotranspiration and land surface temperature","Non-greening areas averaged 61.6%. Coordinated greening peaked at 33.2% (2016) and decoupled greening reached 19.6% (2012), so greening without functional improvement is common.",,paywalled,abstract,
ji2025,Ji et al. 2025,2025,Can vegetation breakpoints in Eastern Mongolia rangeland be detected using Sentinel-1 coherence time series data?,GIScience & Remote Sensing,10.1080/15481603.2025.2540222,https://doi.org/10.1080/15481603.2025.2540222,measurement,article,Mongolia: eastern steppe,,Sentinel-1 coherence with optical and weather data; random forest breakpoint method compared with BFAST,"Random forest separated grazing-caused vegetation change from weather-caused change better than BFAST, detecting 44% of summer camp movements against 28%.",,open,abstract,
xin2022,Xin et al. 2022,2022,Evaluation of IMERG and ERA5 precipitation products over the Mongolian Plateau,Scientific Reports,10.1038/s41598-022-26047-8,https://doi.org/10.1038/s41598-022-26047-8,measurement,article,Mongolian Plateau,2001-2018,"Evaluation of IMERG, ERA5 and ERA5-Land precipitation against gauges","For daily precipitation ERA5-Land performed best, then ERA5, ERA-Interim and IMERG. All products overestimate weak and underestimate heavy rain, and perform worst in the sparse south-west.",Supports ERA5-Land as the rainfall input for Mongolia.,open,abstract,
ganbat2026,Ganbat & Ganbat 2026,2026,"From Pixels to Mobile Pastoral Households: Scale Mismatch, Exposure Measurement, and Inference in Mongolian Rangeland Research",EarthArXiv,10.31223/x5rz2n,https://doi.org/10.31223/x5rz2n,measurement,preprint,Mongolia,,Methodological framework,"Sets out four mismatches between satellite pixels, grazing areas, administrative units and households, and argues that predictive agreement with a satellite productivity proxy does not establish household exposure or causality.",EarthArXiv preprint.,open,abstract,
ji2024,Ji et al. 2024,2024,Above-ground biomass retrieval with multi-source data: Prediction and applicability analysis in Eastern Mongolia,Land Degradation & Development,10.1002/ldr.5109,https://doi.org/10.1002/ldr.5109,measurement,article,Mongolia: central and eastern steppe,,"Random forest on Sentinel-1 and Sentinel-2, with WorldView-2 and Landsat 8 also tested; validated against more than 600 field samples; dissimilarity index for the area where the model applies","Sentinel-1 with Sentinel-2 gave the most accurate biomass estimates. The model applies to at least 72.61% of the steppe, and the areas outside are mostly at the grassland edges.","Found through the references of vanlaere2026, which reports R² 0.75 from cross-validation on 603 plots and uses the map for 2019-2021. A field-trained precedent from Mongolia.",open,abstract,
miao2015,Miao et al. 2015,2015,Future Climate Impact on the Desertification in the Dry Land Asia Using AVHRR GIMMS NDVI3g Data,Remote Sensing,10.3390/rs70403863,https://doi.org/10.3390/rs70403863,forecasting,article,Dryland Asia,1982-2011; projections to 2100,Regression of GIMMS NDVI3g on climate; CMIP5 ensemble under three RCPs,Projects faster desertification under RCP8.5 across most of the Mongolian Plateau.,Extends a climate-NDVI regression into the future.,open,abstract,
li2025vulnerability,Li et al. 2025,2025,"Assessment, driving mechanism identification and future scenario projection of desertification vulnerability in the Mongolian Plateau: an integrated study using multi-source data and machine learning",Ecological Indicators,10.1016/j.ecolind.2025.114340,https://doi.org/10.1016/j.ecolind.2025.114340,forecasting,article,Mongolian Plateau,2001-2020; projections 2040-2100,"Improved MEDALUS index from 19 factors at 500 m, in five classes by natural breaks; XGBoost with SHAP to rank drivers; a convolutional network trained on 2000-2020 data with an 8:2 split, then fed CMIP6 inputs for 2040-2100","Across the plateau, the very low and low classes grew by 55,320 and 94,249 km² over 2001-2020, and 73.5% of the area kept its class. Gains in Mongolia were smaller, and its very high class still covered more than 420,000 km². The bare soil index ranks as the top driver. Under SSP5-8.5 the very high class grows 8.4% by 2100.","Read in full. The driver model predicts the index from the 19 factors it is built from, the bare soil index among them, so its R² of 0.985 and its top driver are largely built in. The projection model was checked on a split of the same years. No test on later years or other regions is described, and no uncertainty range is given. The paper labels the low-emission scenario both SSP1-2.4 and SSP1-2.6 and describes the scenario numbers as degrees of warming, though they denote radiative forcing in W/m². The introduction applies Mongolia's 76.9% to the whole plateau. Page 15 contains text pasted from an AI chat interface. Data on request only.",open,full text,yes
li2025risks,Li et al. 2025,2025,Unveiling Drivers and Projecting Future Risks of Desertification Vulnerability in the Mongolian Plateau,Remote Sensing,10.3390/rs17142389,https://doi.org/10.3390/rs17142389,forecasting,article,Mongolian Plateau,2000-2020; projection to 2030,MEDALUS with XGBoost; four SSPs,"High-vulnerability zones expanded over 2000-2020, and vulnerability intensifies under high-emission scenarios.","Same group as li2025vulnerability, which reports overall improvement for nearly the same period.",open,abstract,
suzuki2024,Suzuki et al. 2024,2024,Projected distributions of Mongolian rangeland vegetation under future climate conditions,Journal of Plant Ecology,10.1093/jpe/rtae028,https://doi.org/10.1093/jpe/rtae028,forecasting,article,Mongolia,plots 2012-2016; projection 2081-2100,MaxEnt on 278 vegetation plots with downscaled CMIP6 climate,"Suitable habitat shrinks for desert steppe, steppe and meadow steppe under all scenarios, most for meadow steppe.",,open,abstract,
yang2025,Yang et al. 2025,2025,Projected Drought Risk to Vegetation Productivity Across the Mongolian Plateau Under CMIP6 Scenarios,Atmosphere,10.3390/atmos16091023,https://doi.org/10.3390/atmos16091023,forecasting,article,Mongolian Plateau,projections to 2100,Six CMIP6 models; SPEI; CASA NPP,SPEI declines while NPP increases under all three scenarios. Drought probability rises markedly in 2061-2100.,,open,abstract,
bole2024,Bole et al. 2024,2024,Emergency constraint-based CMIP6 predictions for future droughts on the Mongolian Plateau,Journal of Hydrology,10.1016/j.jhydrol.2024.132156,https://doi.org/10.1016/j.jhydrol.2024.132156,forecasting,article,Mongolian Plateau,,,Abstract not read yet.,"Constrained CMIP6 drought projections, per title.",paywalled,metadata,
li2020drought,Li et al. 2020,2020,Prediction of Droughts in the Mongolian Plateau Based on the CMIP5 Model,Water,10.3390/w12102774,https://doi.org/10.3390/w12102774,forecasting,article,Mongolian Plateau,2020-2100,CMIP5 under RCP4.5 and RCP8.5; SPEI,Drought increases under both scenarios and is projected to be more extreme in Mongolia than in Inner Mongolia.,,open,abstract,
guo2024,Guo et al. 2024,2024,Past dynamics and future prediction of the impacts of land use cover change and climate change on landscape ecological risk across the Mongolian plateau,Journal of Environmental Management,10.1016/j.jenvman.2024.120365,https://doi.org/10.1016/j.jenvman.2024.120365,forecasting,article,Mongolian Plateau,2001-2020; future scenarios,Landscape loss index; random forest; FLUS land-use simulation under eight SSP-RCP scenarios,The highest-risk zone expanded 30% since 2001. Higher emission scenarios enlarge high-risk areas.,,paywalled,abstract,
sun2022,Sun et al. 2022,2022,Simulation and Prediction of Land Use/Cover Changes Based on CLUE-S and CA-Markov Models: A Case Study of a Typical Pastoral Area in Mongolia,Sustainability,10.3390/su142315707,https://doi.org/10.3390/su142315707,forecasting,article,"Mongolia: Gurvanbulag, Bulgan",2000-2019; projection 2030 and 2040,CLUE-S and CA-Markov land-use models,CLUE-S reproduced 2019 land cover better than CA-Markov. Projections favour the ecological protection scenario.,One of the few studies here that tests a model against a held-out year.,open,abstract,
ren2022,Ren et al. 2022,2022,Historical and Future Changes in Extreme Climate Events and Their Effects on Vegetation on the Mongolian Plateau,Remote Sensing,10.3390/rs14184642,https://doi.org/10.3390/rs14184642,forecasting,article,Mongolian Plateau,projection 2021-2080,Regression of NDVI on climate-extreme indices; three SSPs,"NDVI is projected to keep increasing to 2080, more slowly than in the historical period.",,open,abstract,
allington2017,Allington et al. 2017,2017,Urbanization and environmental policy effects on the future availability of grazing resources on the Mongolian Plateau: Modeling socio-environmental system dynamics,Environmental Science & Policy,10.1016/j.envsci.2016.11.005,https://doi.org/10.1016/j.envsci.2016.11.005,forecasting,article,Mongolian Plateau,,,Abstract not read yet.,"System dynamics model of future grazing resources, per title.",open,metadata,
tuvshinjargal2024,Tuvshinjargal et al. 2024,2024,Assessment of potential soil erosion in Mongolia based on the RUSLE model and RCP 8.5 scenario,Soil Use and Management,10.1111/sum.13005,https://doi.org/10.1111/sum.13005,forecasting,article,Mongolia,1993 and 2013; projection 2041-2080,RUSLE soil erosion model under RCP8.5,"Area at very high or extreme erosion risk grows from 46,039 km2 to 48,961 km2 (2041-2060) and 51,769 km2 (2061-2080).",,open,abstract,
paltsyn2017,Paltsyn et al. 2017,2017,Estimation and Prediction of Grassland Cover in Western Mongolia Using MODIS-Derived Vegetation Indices,Rangeland Ecology & Management,10.1016/j.rama.2017.05.005,https://doi.org/10.1016/j.rama.2017.05.005,forecasting,article,Western Mongolia,,,Abstract not read yet.,"Estimation and prediction of grassland cover from MODIS, per title.",paywalled,metadata,
wu2020,Wu et al. 2020,2020,A spatio-temporal prediction of NDVI based on precipitation: an application for grazing management in the arid and semi-arid grasslands,International Journal of Remote Sensing,10.1080/01431161.2019.1688418,https://doi.org/10.1080/01431161.2019.1688418,forecasting,article,Inner Mongolia: Hulunbuir,,NARX and neural networks driven by precipitation,Predicted spatio-temporal NDVI with a mean absolute percentage error of 11.6%.,,paywalled,abstract,
ma2021,Ma et al. 2021,2021,Projections of desertification trends in Central Asia under global warming scenarios,Science of The Total Environment,10.1016/j.scitotenv.2021.146777,https://doi.org/10.1016/j.scitotenv.2021.146777,forecasting,article,Central Asia,1980-2015; projections to 2099,CA-Markov with ISIMIP2b climate data,Desert area has decreased while potential desert land increases under 1.5 and 2.0 C of warming.,,paywalled,abstract,
xu2021simulation,Xu & Zhang 2021,2021,Multi-scenario simulation of desertification in North China for 2030,Land Degradation & Development,10.1002/ldr.3746,https://doi.org/10.1002/ldr.3746,forecasting,article,North China,simulation to 2030,Spatial system dynamics model; nine scenarios,Temperature and rainfall are the most sensitive factors. Current programmes lead to reversal by 2030 under average climate.,,paywalled,abstract,
requenamesa2021,Requena-Mesa et al. 2021,2021,EarthNet2021: A large-scale dataset and challenge for Earth surface forecasting as a guided video prediction task,2021 IEEE/CVF Conference on Computer Vision and Pattern Recognition Workshops (CVPRW),10.1109/cvprw53098.2021.00124,https://doi.org/10.1109/cvprw53098.2021.00124,forecasting,conference,Europe,,"Benchmark dataset of 32,000 Sentinel-2 samples at 20 m with topography and weather",Frames Earth surface forecasting as video prediction conditioned on future weather.,,open,abstract,
benson2024,Benson et al. 2024,2024,Multi-Modal Learning for Geospatial Vegetation Forecasting,2024 IEEE/CVF Conference on Computer Vision and Pattern Recognition (CVPR),10.1109/cvpr52733.2024.02625,https://doi.org/10.1109/cvpr52733.2024.02625,forecasting,conference,Europe,,"GreenEarthNet: 23,816 Sentinel-2 minicubes at 20 m (2017-2020) with E-OBS weather and elevation; Contextformer (vision transformer with a temporal transformer); tests on later years and new regions","Forecasts 100 days of NDVI from 50 days of history with R2 0.62 and RMSE 0.14 (0.08 over the first 25 days), beating climatology (R2 0.58) on 66.8% of test cubes. Spatial context and weather both add skill.","Europe only. Uses observed future weather, which a real forecast would not have. Climatology was a baseline that older models failed to beat. Open preprint at arXiv:2303.16198.",paywalled,full text,yes
kladny2024,Kladny et al. 2024,2024,Enhanced prediction of vegetation responses to extreme drought using deep learning and Earth observation data,Ecological Informatics,10.1016/j.ecoinf.2024.102474,https://doi.org/10.1016/j.ecoinf.2024.102474,forecasting,article,Europe,,ConvLSTM on Sentinel-2 with weather and topography,Predicts surface reflectance from past weather and improves on benchmarks during extreme drought.,,open,abstract,
ferchichi2022,Ferchichi et al. 2022,2022,Forecasting vegetation indices from spatio-temporal remotely sensed data using deep learning-based approaches: A systematic literature review,Ecological Informatics,10.1016/j.ecoinf.2022.101552,https://doi.org/10.1016/j.ecoinf.2022.101552,forecasting,review,Global,,,Abstract not read yet.,"Systematic review of deep learning for vegetation index forecasting, per title.",paywalled,metadata,
lees2022,Lees et al. 2022,2022,Deep Learning for Vegetation Health Forecasting: A Case Study in Kenya,Remote Sensing,10.3390/rs14030698,https://doi.org/10.3390/rs14030698,forecasting,article,Kenya,,LSTM models on MODIS vegetation health,Forecasts beat a persistence baseline and a shallow neural network.,,open,abstract,
barrett2020,Barrett et al. 2020,2020,Forecasting vegetation condition for drought early warning systems in pastoral communities in Kenya,Remote Sensing of Environment,10.1016/j.rse.2020.111886,https://doi.org/10.1016/j.rse.2020.111886,forecasting,article,Kenya,,Linear autoregression and Gaussian processes on MODIS and Landsat,A drought alert based on the 3-month Vegetation Condition Index was predicted four weeks ahead with about 89% hit rate and 4% false alarms.,Simple models set a strong baseline at short horizons.,open,abstract,
kraft2019,Kraft et al. 2019,2019,Identifying Dynamic Memory Effects on Vegetation State Using Recurrent Neural Networks,Frontiers in Big Data,10.3389/fdata.2019.00031,https://doi.org/10.3389/fdata.2019.00031,forecasting,article,Global,,LSTM model of NDVI from climate and static variables,"Fits a global NDVI model to study memory effects, validated with spatio-temporal block cross-validation.",,open,abstract,
chen2022,Chen et al. 2022,2022,Deep learning projects future warming-induced vegetation growth changes under SSP scenarios,Advances in Climate Change Research,10.1016/j.accre.2022.01.007,https://doi.org/10.1016/j.accre.2022.01.007,forecasting,article,Global,projections to 2100,Deep learning models of climate-driven vegetation growth; SSP scenarios,Projects little change under SSP1-1.9 and regional increases under SSP5-8.5.,,open,abstract,
robin2022,Robin et al. 2022,2022,Learning to forecast vegetation greenness at fine resolution over Africa with ConvLSTMs,arXiv,10.48550/arxiv.2210.13648,https://doi.org/10.48550/arxiv.2210.13648,forecasting,preprint,Africa,,"ConvLSTM on Sentinel-2 NDVI guided by ERA5, SMAP and topography",Forecasts the seasonal course of NDVI at fine resolution and the effect of weather anomalies better than baselines.,,open,abstract,
bernardino2025,Bernardino et al. 2025,2025,Predictability of abrupt shifts in dryland ecosystem functioning,Nature Climate Change,10.1038/s41558-024-02201-0,https://doi.org/10.1038/s41558-024-02201-0,forecasting,article,Sudano-Sahelian drylands,1982-2015; risk map for 2025,"Abrupt drops in rain-use efficiency detected with BFAST01 on GIMMS NDVI and CHIRPS; XGBoost on resilience, vegetation, rainfall, soil and human-pressure predictors; temporal cross-validation","Predicted shifts one year ahead with 75.1% accuracy and 76.6% precision, with no significant loss up to three years and a drop from four. Rainfall variability, soil nitrogen, long-term rainfall trend, population density and NDVI variability mattered most. Autocorrelation alone missed many shifts.","A direct template for option B. Accuracy is on balanced classes, hyperparameters were tuned on a random split, and CHIRPS does not cover northern Mongolia. Data and code on Zenodo (doi:10.5281/zenodo.10636821).",open,full text,yes
nandintsetseg2026a,Nandintsetseg et al. 2026,2026,Future climate change risks and sustainable pathways for pastoralism in the eastern Eurasian drylands,npj Sustainable Agriculture,10.1038/s44264-026-00173-6,https://doi.org/10.1038/s44264-026-00173-6,forecasting,article,Mongolia,projections to 2050,Climate-rangeland-society model; three SSP climate scenarios and six socio-economic pathways,"Dzud risk intensifies from the mid-2030s under baseline pathways, with annual livestock mortality of 8-11 million sheep units, driven by compound hazards and persistent overstocking. Export-enhanced pathways reduce mortality.",,open,abstract,
xu2026,Xu et al. 2026,2026,Will the typical soums in the Selenge River Basin of Mongolia become more overgrazed in the future?,Journal of Geographical Sciences,10.1007/s11442-026-2446-4,https://doi.org/10.1007/s11442-026-2446-4,forecasting,article,Mongolia: Selenge basin soums,,,Abstract not read yet.,"Future overgrazing in Selenge soums, per title.",paywalled,metadata,
zhang2025,Zhang et al. 2025,2025,Prediction of Sandstorm Moving Path in Mongolian Plateau Based on CNN-BiLSTM,Remote Sensing,10.3390/rs17173006,https://doi.org/10.3390/rs17173006,forecasting,article,Mongolian Plateau,,CNN-BiLSTM on remote sensing and meteorological data,"Predicted sandstorm paths 1-24 hours ahead with accuracy, F1 and AUC above 0.80.",,open,abstract,
meng2025,Meng et al. 2025,2025,Forecasting sub-pixel vegetation potential shifts to guide restoration planning for the African Great Green Wall,GIScience & Remote Sensing,10.1080/15481603.2025.2574730,https://doi.org/10.1080/15481603.2025.2574730,forecasting,article,Sahel,2015-2100,Multi-task deep learning with CMIP6 outputs and habitat similarity,"Forecasts sub-pixel cover fractions (tree, other vegetation, bare ground). Potential for non-tree vegetation recovery is at least five times that of trees.",,open,abstract,
ferchichi2025,Ferchichi et al. 2025,2025,Deep Learning-based Uncertainty Quantification for spatio-temporal environmental Remote Sensing: A systematic literature review,Neurocomputing,10.1016/j.neucom.2025.130242,https://doi.org/10.1016/j.neucom.2025.130242,forecasting,review,Global,,,Abstract not read yet.,"Systematic review of uncertainty quantification in deep learning for environmental remote sensing, per title.",paywalled,metadata,
bolorerdene2008,Bolor-Erdene et al. 2008,2008,Gobi Forage: An Early Warning System for Livestock in the Gobi Region of Mongolia,"Multifunctional Grasslands in a Changing World, Volume I (XXI International Grassland Congress)",,https://uknowledge.uky.edu/igc/21/5-1/16,forecasting,conference,Mongolia: Gobi,2004-2007,"Description of an early warning system: 297 monitoring sites in 8 Gobi provinces from 2004, the PHYGROW forage model driven by CMORPH satellite rainfall, model output combined with NDVI by geostatistics, and statistical forecasts 60 days ahead","Started in 2004 with USAID funding. By 2007 the system mapped forage and its deviation from the long-term average every half month, with a 60-day forecast, shared by mail, internet and weekly national radio. It flagged severe drought in Gobi-Altai and Dundgobi in 2007, and a survey that October found the radio reports and maps useful to herders and local government.","Read in full, a one-page congress paper. Reports no skill score for the 60-day forecasts. vanlaere2026 cite a 2012 chapter on the system as the only forecast of pasture conditions they found.",open,full text,
angerer2008,Angerer et al. 2008,2008,Verification of a Forage Simulation Model Used for a Livestock Early Warning System in the Gobi Region of Mongolia,"Multifunctional Grasslands in a Changing World, Volume I (XXI International Grassland Congress)",,https://uknowledge.uky.edu/igc/21/5-1/8,forecasting,conference,Mongolia: Gobi,2004-2007,"PHYGROW forage model at 297 Gobi sites, driven by CMORPH rainfall and checked against biomass clipped 2 to 4 times per site; model output and NDVI combined by cokriging into maps every 15-16 days for 2005 and 2006, checked by cross-validation","Modelled forage matched clipped biomass with R² 0.69 and a standard error of 83.6 kg/ha, under-predicting high biomass and over-predicting low. The cokriged maps gave R² 0.71 in cross-validation.","Read in full, a one-page congress paper. Tests the model of current forage and the maps, not the 60-day forecasts. The maps used only the sites where the model was validated. The 297-site field record could be ground truth for the Gobi if the data can be found.",open,full text,
roberts2017,Roberts et al. 2017,2017,"Cross-validation strategies for data with temporal, spatial, hierarchical, or phylogenetic structure",Ecography,10.1111/ecog.02881,https://doi.org/10.1111/ecog.02881,validation,review,,,Review with simulations and case studies,Random cross-validation underestimates error for data with spatial or temporal structure. Recommends blocking by space or time when the goal is prediction to new conditions.,,paywalled,abstract,
ploton2020,Ploton et al. 2020,2020,Spatial validation reveals poor predictive performance of large-scale ecological mapping models,Nature Communications,10.1038/s41467-020-18321-y,https://doi.org/10.1038/s41467-020-18321-y,validation,article,Central Africa,,Random forest biomass model tested with random and spatial validation,"Random 10-fold cross-validation gave R2 0.53; spatial 44-fold gave 0.14; buffered leave-one-out fell to about 0.15 at 50 km and near zero beyond 100 km. A model using only coordinates did as well, so predictions came from location, not from the satellite and climate data.",For our design: estimate the spatial autocorrelation range of the target and hold out blocks larger than it.,open,full text,yes
meyer2022,Meyer & Pebesma 2022,2022,Machine learning-based global maps of ecological variables and the challenge of assessing them,Nature Communications,10.1038/s41467-022-29838-9,https://doi.org/10.1038/s41467-022-29838-9,validation,article,Global,,Commentary,"Discusses whether the quality of global machine-learning maps can be assessed, globally and locally.",,open,abstract,
